source,type
"/blog/actualizaciones-web/index.html","WebSite"
"/blog/actualizaciones-web/index.html","ProfessionalService,Person"
"/blog/actualizaciones-web/index.html","BlogPosting"
"/blog/actualizaciones-web/index.html","BreadcrumbList"
"/blog/agente-de-ia-tu-guia-definitiva-para-la-inteligencia-autonoma/index.html","WebSite"
"/blog/agente-de-ia-tu-guia-definitiva-para-la-inteligencia-autonoma/index.html","ProfessionalService,Person"
"/blog/agente-de-ia-tu-guia-definitiva-para-la-inteligencia-autonoma/index.html","BlogPosting"
"/blog/agente-de-ia-tu-guia-definitiva-para-la-inteligencia-autonoma/index.html","BreadcrumbList"
"/blog/agentes-de-ia-guia-completa-de-sistemas-inteligentes/index.html","WebSite"
"/blog/agentes-de-ia-guia-completa-de-sistemas-inteligentes/index.html","ProfessionalService,Person"
"/blog/agentes-de-ia-guia-completa-de-sistemas-inteligentes/index.html","BlogPosting"
"/blog/agentes-de-ia-guia-completa-de-sistemas-inteligentes/index.html","BreadcrumbList"
"/blog/alojar-web-en-cloudflare-pages-con-astro-y-resend/index.html","WebSite"
"/blog/alojar-web-en-cloudflare-pages-con-astro-y-resend/index.html","ProfessionalService,Person"
"/blog/alojar-web-en-cloudflare-pages-con-astro-y-resend/index.html","BlogPosting"
"/blog/alojar-web-en-cloudflare-pages-con-astro-y-resend/index.html","BreadcrumbList"
"/blog/analitica-web-guia-completa-para-dominar-tus-datos-online/index.html","WebSite"
"/blog/analitica-web-guia-completa-para-dominar-tus-datos-online/index.html","ProfessionalService,Person"
"/blog/analitica-web-guia-completa-para-dominar-tus-datos-online/index.html","BlogPosting"
"/blog/analitica-web-guia-completa-para-dominar-tus-datos-online/index.html","BreadcrumbList"
"/blog/automatizacion-de-marketing-profesional/index.html","WebSite"
"/blog/automatizacion-de-marketing-profesional/index.html","ProfessionalService,Person"
"/blog/automatizacion-de-marketing-profesional/index.html","BlogPosting"
"/blog/automatizacion-de-marketing-profesional/index.html","BreadcrumbList"
"/blog/claude-code-gratis/index.html","WebSite"
"/blog/claude-code-gratis/index.html","ProfessionalService,Person"
"/blog/claude-code-gratis/index.html","BlogPosting"
"/blog/claude-code-gratis/index.html","BreadcrumbList"
"/blog/claude-vs-openclaw-guia-comparativa/index.html","WebSite"
"/blog/claude-vs-openclaw-guia-comparativa/index.html","ProfessionalService,Person"
"/blog/claude-vs-openclaw-guia-comparativa/index.html","BlogPosting"
"/blog/claude-vs-openclaw-guia-comparativa/index.html","BreadcrumbList"
"/blog/consultoria-seo-guia-definitiva-para-el-exito-digital/index.html","WebSite"
"/blog/consultoria-seo-guia-definitiva-para-el-exito-digital/index.html","ProfessionalService,Person"
"/blog/consultoria-seo-guia-definitiva-para-el-exito-digital/index.html","BlogPosting"
"/blog/consultoria-seo-guia-definitiva-para-el-exito-digital/index.html","BreadcrumbList"
"/blog/copias-de-seguridad-tu-escudo-contra-la-perdida-de-datos/index.html","WebSite"
"/blog/copias-de-seguridad-tu-escudo-contra-la-perdida-de-datos/index.html","ProfessionalService,Person"
"/blog/copias-de-seguridad-tu-escudo-contra-la-perdida-de-datos/index.html","BlogPosting"
"/blog/copias-de-seguridad-tu-escudo-contra-la-perdida-de-datos/index.html","BreadcrumbList"
"/blog/crea-tu-tienda-online-guia-completa-para-el-exito-digital/index.html","WebSite"
"/blog/crea-tu-tienda-online-guia-completa-para-el-exito-digital/index.html","ProfessionalService,Person"
"/blog/crea-tu-tienda-online-guia-completa-para-el-exito-digital/index.html","BlogPosting"
"/blog/crea-tu-tienda-online-guia-completa-para-el-exito-digital/index.html","BreadcrumbList"
"/blog/crear-clave-ssh-vps-en-hostinger/index.html","WebSite"
"/blog/crear-clave-ssh-vps-en-hostinger/index.html","ProfessionalService,Person"
"/blog/crear-clave-ssh-vps-en-hostinger/index.html","BlogPosting"
"/blog/crear-clave-ssh-vps-en-hostinger/index.html","BreadcrumbList"
"/blog/desarrollo-web-autonomo-la-guia-definitiva-para-el-exito-freelance/index.html","WebSite"
"/blog/desarrollo-web-autonomo-la-guia-definitiva-para-el-exito-freelance/index.html","ProfessionalService,Person"
"/blog/desarrollo-web-autonomo-la-guia-definitiva-para-el-exito-freelance/index.html","BlogPosting"
"/blog/desarrollo-web-autonomo-la-guia-definitiva-para-el-exito-freelance/index.html","BreadcrumbList"
"/blog/diseno-ux-ui-la-clave-para-productos-digitales-excepcionales/index.html","WebSite"
"/blog/diseno-ux-ui-la-clave-para-productos-digitales-excepcionales/index.html","ProfessionalService,Person"
"/blog/diseno-ux-ui-la-clave-para-productos-digitales-excepcionales/index.html","BlogPosting"
"/blog/diseno-ux-ui-la-clave-para-productos-digitales-excepcionales/index.html","BreadcrumbList"
"/blog/diseno-web-la-guia-definitiva-para-tu-presencia-online/index.html","WebSite"
"/blog/diseno-web-la-guia-definitiva-para-tu-presencia-online/index.html","ProfessionalService,Person"
"/blog/diseno-web-la-guia-definitiva-para-tu-presencia-online/index.html","BlogPosting"
"/blog/diseno-web-la-guia-definitiva-para-tu-presencia-online/index.html","BreadcrumbList"
"/blog/ejercito-de-juniors/index.html","WebSite"
"/blog/ejercito-de-juniors/index.html","ProfessionalService,Person"
"/blog/ejercito-de-juniors/index.html","BlogPosting"
"/blog/ejercito-de-juniors/index.html","BreadcrumbList"
"/blog/el-futuro-de-javascript-que-framework-dominara-en-2026/index.html","WebSite"
"/blog/el-futuro-de-javascript-que-framework-dominara-en-2026/index.html","ProfessionalService,Person"
"/blog/el-futuro-de-javascript-que-framework-dominara-en-2026/index.html","BlogPosting"
"/blog/el-futuro-de-javascript-que-framework-dominara-en-2026/index.html","BreadcrumbList"
"/blog/experto-en-automatizacion-rpa/index.html","WebSite"
"/blog/experto-en-automatizacion-rpa/index.html","ProfessionalService,Person"
"/blog/experto-en-automatizacion-rpa/index.html","BlogPosting"
"/blog/experto-en-automatizacion-rpa/index.html","BreadcrumbList"
"/blog/experto-wordpress-tu-guia-definitiva-para-el-exito-digital/index.html","WebSite"
"/blog/experto-wordpress-tu-guia-definitiva-para-el-exito-digital/index.html","ProfessionalService,Person"
"/blog/experto-wordpress-tu-guia-definitiva-para-el-exito-digital/index.html","BlogPosting"
"/blog/experto-wordpress-tu-guia-definitiva-para-el-exito-digital/index.html","BreadcrumbList"
"/blog/framework-python-2026-tendencias-y-predicciones-clave/index.html","WebSite"
"/blog/framework-python-2026-tendencias-y-predicciones-clave/index.html","ProfessionalService,Person"
"/blog/framework-python-2026-tendencias-y-predicciones-clave/index.html","BlogPosting"
"/blog/framework-python-2026-tendencias-y-predicciones-clave/index.html","BreadcrumbList"
"/blog/gemini-cli/index.html","WebSite"
"/blog/gemini-cli/index.html","ProfessionalService,Person"
"/blog/gemini-cli/index.html","BlogPosting"
"/blog/gemini-cli/index.html","BreadcrumbList"
"/blog/generacion-de-codigo-sintetico/index.html","WebSite"
"/blog/generacion-de-codigo-sintetico/index.html","ProfessionalService,Person"
"/blog/generacion-de-codigo-sintetico/index.html","BlogPosting"
"/blog/generacion-de-codigo-sintetico/index.html","BreadcrumbList"
"/blog/guia-oca-vs-correo-argentino/index.html","WebSite"
"/blog/guia-oca-vs-correo-argentino/index.html","ProfessionalService,Person"
"/blog/guia-oca-vs-correo-argentino/index.html","BlogPosting"
"/blog/guia-oca-vs-correo-argentino/index.html","BreadcrumbList"
"/blog/guia-precios-mayoristas/index.html","WebSite"
"/blog/guia-precios-mayoristas/index.html","ProfessionalService,Person"
"/blog/guia-precios-mayoristas/index.html","BlogPosting"
"/blog/guia-precios-mayoristas/index.html","BreadcrumbList"
"/blog/guia-programacion-y-desarrollo-web/index.html","WebSite"
"/blog/guia-programacion-y-desarrollo-web/index.html","ProfessionalService,Person"
"/blog/guia-programacion-y-desarrollo-web/index.html","BlogPosting"
"/blog/guia-programacion-y-desarrollo-web/index.html","BreadcrumbList"
"/blog/guia-servicio-de-oca-woocommerce/index.html","WebSite"
"/blog/guia-servicio-de-oca-woocommerce/index.html","ProfessionalService,Person"
"/blog/guia-servicio-de-oca-woocommerce/index.html","BlogPosting"
"/blog/guia-servicio-de-oca-woocommerce/index.html","BreadcrumbList"
"/blog/guia-woocommerce/index.html","WebSite"
"/blog/guia-woocommerce/index.html","ProfessionalService,Person"
"/blog/guia-woocommerce/index.html","BlogPosting"
"/blog/guia-woocommerce/index.html","BreadcrumbList"
"/blog/guia-woocommerce-desde-excel/index.html","WebSite"
"/blog/guia-woocommerce-desde-excel/index.html","ProfessionalService,Person"
"/blog/guia-woocommerce-desde-excel/index.html","BlogPosting"
"/blog/guia-woocommerce-desde-excel/index.html","BreadcrumbList"
"/blog/guia-wordpress/index.html","WebSite"
"/blog/guia-wordpress/index.html","ProfessionalService,Person"
"/blog/guia-wordpress/index.html","BlogPosting"
"/blog/guia-wordpress/index.html","BreadcrumbList"
"/blog/investigacion-de-palabras-clave-guia-completa-seo/index.html","WebSite"
"/blog/investigacion-de-palabras-clave-guia-completa-seo/index.html","ProfessionalService,Person"
"/blog/investigacion-de-palabras-clave-guia-completa-seo/index.html","BlogPosting"
"/blog/investigacion-de-palabras-clave-guia-completa-seo/index.html","BreadcrumbList"
"/blog/landing-page/index.html","WebSite"
"/blog/landing-page/index.html","ProfessionalService,Person"
"/blog/landing-page/index.html","BlogPosting"
"/blog/landing-page/index.html","BreadcrumbList"
"/blog/las-mejores-herramientas-de-marketing-digital-para-2024/index.html","WebSite"
"/blog/las-mejores-herramientas-de-marketing-digital-para-2024/index.html","ProfessionalService,Person"
"/blog/las-mejores-herramientas-de-marketing-digital-para-2024/index.html","BlogPosting"
"/blog/las-mejores-herramientas-de-marketing-digital-para-2024/index.html","BreadcrumbList"
"/blog/mantenimiento-web-la-guia-definitiva-para-un-sitio-seguro-y-optimizado/index.html","WebSite"
"/blog/mantenimiento-web-la-guia-definitiva-para-un-sitio-seguro-y-optimizado/index.html","ProfessionalService,Person"
"/blog/mantenimiento-web-la-guia-definitiva-para-un-sitio-seguro-y-optimizado/index.html","BlogPosting"
"/blog/mantenimiento-web-la-guia-definitiva-para-un-sitio-seguro-y-optimizado/index.html","BreadcrumbList"
"/blog/marketing-digital-en-lanus-guia-completa-para-tu-negocio/index.html","WebSite"
"/blog/marketing-digital-en-lanus-guia-completa-para-tu-negocio/index.html","ProfessionalService,Person"
"/blog/marketing-digital-en-lanus-guia-completa-para-tu-negocio/index.html","BlogPosting"
"/blog/marketing-digital-en-lanus-guia-completa-para-tu-negocio/index.html","BreadcrumbList"
"/blog/monitorizacion-y-soporte-tecnico-web/index.html","WebSite"
"/blog/monitorizacion-y-soporte-tecnico-web/index.html","ProfessionalService,Person"
"/blog/monitorizacion-y-soporte-tecnico-web/index.html","BlogPosting"
"/blog/monitorizacion-y-soporte-tecnico-web/index.html","BreadcrumbList"
"/blog/optimizacion-de-velocidad-web-guia-definitiva-para-el-exito/index.html","WebSite"
"/blog/optimizacion-de-velocidad-web-guia-definitiva-para-el-exito/index.html","ProfessionalService,Person"
"/blog/optimizacion-de-velocidad-web-guia-definitiva-para-el-exito/index.html","BlogPosting"
"/blog/optimizacion-de-velocidad-web-guia-definitiva-para-el-exito/index.html","BreadcrumbList"
"/blog/posicionamiento-web-la-guia-definitiva-para-dominar-los-buscadores/index.html","WebSite"
"/blog/posicionamiento-web-la-guia-definitiva-para-dominar-los-buscadores/index.html","ProfessionalService,Person"
"/blog/posicionamiento-web-la-guia-definitiva-para-dominar-los-buscadores/index.html","BlogPosting"
"/blog/posicionamiento-web-la-guia-definitiva-para-dominar-los-buscadores/index.html","BreadcrumbList"
"/blog/prestashop-guia-completa-para-tu-tienda-online-exitosa/index.html","WebSite"
"/blog/prestashop-guia-completa-para-tu-tienda-online-exitosa/index.html","ProfessionalService,Person"
"/blog/prestashop-guia-completa-para-tu-tienda-online-exitosa/index.html","BlogPosting"
"/blog/prestashop-guia-completa-para-tu-tienda-online-exitosa/index.html","BreadcrumbList"
"/blog/prompts-para-ia/index.html","WebSite"
"/blog/prompts-para-ia/index.html","ProfessionalService,Person"
"/blog/prompts-para-ia/index.html","BlogPosting"
"/blog/prompts-para-ia/index.html","BreadcrumbList"
"/blog/restauracion-de-sitio-web-guia-completa-para-recuperar-tu-presencia/index.html","WebSite"
"/blog/restauracion-de-sitio-web-guia-completa-para-recuperar-tu-presencia/index.html","ProfessionalService,Person"
"/blog/restauracion-de-sitio-web-guia-completa-para-recuperar-tu-presencia/index.html","BlogPosting"
"/blog/restauracion-de-sitio-web-guia-completa-para-recuperar-tu-presencia/index.html","BreadcrumbList"
"/blog/seguridad-web-protegiendo-tu-fortaleza-digital/index.html","WebSite"
"/blog/seguridad-web-protegiendo-tu-fortaleza-digital/index.html","ProfessionalService,Person"
"/blog/seguridad-web-protegiendo-tu-fortaleza-digital/index.html","BlogPosting"
"/blog/seguridad-web-protegiendo-tu-fortaleza-digital/index.html","BreadcrumbList"
"/blog/seo-de-contenidos-guia-completa-para-dominar-el-ranking/index.html","WebSite"
"/blog/seo-de-contenidos-guia-completa-para-dominar-el-ranking/index.html","ProfessionalService,Person"
"/blog/seo-de-contenidos-guia-completa-para-dominar-el-ranking/index.html","BlogPosting"
"/blog/seo-de-contenidos-guia-completa-para-dominar-el-ranking/index.html","BreadcrumbList"
"/blog/seo-local-guia-completa-para-dominar-la-busqueda-local/index.html","WebSite"
"/blog/seo-local-guia-completa-para-dominar-la-busqueda-local/index.html","ProfessionalService,Person"
"/blog/seo-local-guia-completa-para-dominar-la-busqueda-local/index.html","BlogPosting"
"/blog/seo-local-guia-completa-para-dominar-la-busqueda-local/index.html","BreadcrumbList"
"/blog/seo-local-la-guia-definitiva-para-atraer-clientes-cercanos/index.html","WebSite"
"/blog/seo-local-la-guia-definitiva-para-atraer-clientes-cercanos/index.html","ProfessionalService,Person"
"/blog/seo-local-la-guia-definitiva-para-atraer-clientes-cercanos/index.html","BlogPosting"
"/blog/seo-local-la-guia-definitiva-para-atraer-clientes-cercanos/index.html","BreadcrumbList"
"/blog/seo-off-page-la-guia-definitiva-para-dominar-el-posicionamiento/index.html","WebSite"
"/blog/seo-off-page-la-guia-definitiva-para-dominar-el-posicionamiento/index.html","ProfessionalService,Person"
"/blog/seo-off-page-la-guia-definitiva-para-dominar-el-posicionamiento/index.html","BlogPosting"
"/blog/seo-off-page-la-guia-definitiva-para-dominar-el-posicionamiento/index.html","BreadcrumbList"
"/blog/seo-on-page-la-guia-definitiva-para-dominar-tu-web/index.html","WebSite"
"/blog/seo-on-page-la-guia-definitiva-para-dominar-tu-web/index.html","ProfessionalService,Person"
"/blog/seo-on-page-la-guia-definitiva-para-dominar-tu-web/index.html","BlogPosting"
"/blog/seo-on-page-la-guia-definitiva-para-dominar-tu-web/index.html","BreadcrumbList"
"/blog/servicios-de-programacion-y-desarrollo-web-mas-demandados-en-2026/index.html","WebSite"
"/blog/servicios-de-programacion-y-desarrollo-web-mas-demandados-en-2026/index.html","ProfessionalService,Person"
"/blog/servicios-de-programacion-y-desarrollo-web-mas-demandados-en-2026/index.html","BlogPosting"
"/blog/servicios-de-programacion-y-desarrollo-web-mas-demandados-en-2026/index.html","BreadcrumbList"
"/blog/sistema-multi-agente-con-ia/index.html","WebSite"
"/blog/sistema-multi-agente-con-ia/index.html","ProfessionalService,Person"
"/blog/sistema-multi-agente-con-ia/index.html","BlogPosting"
"/blog/sistema-multi-agente-con-ia/index.html","BreadcrumbList"
"/blog/woocommerce-la-guia-definitiva-para-tu-tienda-online/index.html","WebSite"
"/blog/woocommerce-la-guia-definitiva-para-tu-tienda-online/index.html","ProfessionalService,Person"
"/blog/woocommerce-la-guia-definitiva-para-tu-tienda-online/index.html","BlogPosting"
"/blog/woocommerce-la-guia-definitiva-para-tu-tienda-online/index.html","BreadcrumbList"
"/blog/wordpress-la-guia-definitiva-para-crear-tu-web-ideal/index.html","WebSite"
"/blog/wordpress-la-guia-definitiva-para-crear-tu-web-ideal/index.html","ProfessionalService,Person"
"/blog/wordpress-la-guia-definitiva-para-crear-tu-web-ideal/index.html","BlogPosting"
"/blog/wordpress-la-guia-definitiva-para-crear-tu-web-ideal/index.html","BreadcrumbList"
"/productos/plan-profesional/index.html","WebSite"
"/productos/plan-profesional/index.html","ProfessionalService,Person"
"/servicios/diseno-web-responsive/index.html","WebSite"
"/servicios/diseno-web-responsive/index.html","ProfessionalService,Person"
"/servicios/diseno-web-responsive/index.html","Service"
"/servicios/e-mail-marketing/index.html","WebSite"
"/servicios/e-mail-marketing/index.html","ProfessionalService,Person"
"/servicios/e-mail-marketing/index.html","Service"
"/servicios/posicionamiento-sem/index.html","WebSite"
"/servicios/posicionamiento-sem/index.html","ProfessionalService,Person"
"/servicios/posicionamiento-sem/index.html","Service"
"/servicios/posicionamiento-seo/index.html","WebSite"
"/servicios/posicionamiento-seo/index.html","ProfessionalService,Person"
"/servicios/posicionamiento-seo/index.html","Service"
"/servicios/software-a-medida/index.html","WebSite"
"/servicios/software-a-medida/index.html","ProfessionalService,Person"
"/servicios/software-a-medida/index.html","Service"